title,fen,plan,goal_type,level_tier
Bishop Pressure on the f7 Defender,r6k/ppp2q2/2npb2B/7Q/2P4P/P1PBPr2/5P2/R3K3 w Q - 2 20,"Play Bg6 to attack the queen on f7; if the queen moves, Qxf3 wins the advanced rook, while Qxg6 is met by Qxg6.",gain_piece,advanced
Forcing the f7 Interposition,r4rk1/pp4q1/2p2b1Q/4p3/3n4/3B4/PP4P1/4RRK1 w - - 3 31,"Play Bc4+ to force an interposition on the c4-g8 diagonal; after ...Rf7, Qxf6 exploits the overloaded queen and pinned rook to win decisive material.",gain_piece,advanced
Dragging the King with Rxg7,3r1r1k/1pq2pb1/p1b2n1p/5P2/5P1Q/3B3P/P2B3K/3R2R1 w - - 5 28,"Sacrifice with Rxg7 to remove the g7-bishop and drag the king into the open; after Kxg7, Rg1+ and Qxf6 keep the attack going and win decisive material.",gain_piece,advanced
Exploiting the Overloaded Defender on e5,2q1rrk1/p2R1ppp/2p5/3pbQ1N/8/8/2P2PPP/4R1K1 w - - 0 22,Remove the central bishop on e5 to take advantage of the overloaded black queen and the coordinate pressure on the kingside.,gain_piece,advanced
Exploiting Dark-Square Weaknesses for a Kingside Assault,r3q1k1/p4p1p/1b4pB/2p5/4r3/5QP1/Pp2P2P/4RRK1 w - - 0 24,Coordinate the queen and dark-squared bishop to create inescapable mating threats against the vulnerable black king.,mate,advanced
The Overloaded Defender on the G2-Square,8/pp1b1p1k/6pp/7P/1P1R4/5Pq1/4r1B1/1Q4RK b - - 0 34,"Coordinate the bishop and queen to pressure g2, exploiting the overloaded defender to win material.",gain_piece,advanced
Exploiting Overloaded Defenders in the Center,2r2rk1/2qbbppp/p3pn2/1p2Q1B1/8/P1N5/BP3PPP/2RR2K1 w - - 1 17,Execute a sequence of exchanges to remove the defenders of the d7-bishop and win material.,gain_piece,advanced
Coordinated Piece Assault on the Centralized King,rnbk3r/ppp3pp/5n2/6N1/4R3/BB6/P4PPP/bN4K1 w - - 3 16,Initiate a forcing sequence using the knight check on f7 to drive the king into a decisive light-square mating net.,mate,advanced
Exploiting Kingside Overextension,rnbqk1r1/ppp2p1p/7B/3pP3/2n5/1P3P2/P1P1P1PP/RN1QKBNR b KQq - 0 10,Launch a decisive queen check on h4 to exploit the undefended bishop on h6 and the exposed white king.,gain_piece,advanced
Removing the Guard to Force Checkmate,1r4k1/pqp1Rppp/2p2n2/8/2pP2P1/B4Q1P/P4P2/6K1 w - - 1 22,Dislodge the knight on f6 with a pawn thrust to compromise the protection of the f7-square and penetrate the back rank.,mate,advanced
Overloading the Back-Rank Defense,3r2k1/p4ppp/1p3bq1/8/4N3/1Q2R3/PPPr1PPP/2R3K1 b - - 10 20,Deliver a decisive back-rank checkmate by utilizing the doubled rooks to penetrate the d1-square.,mate,advanced
Exploiting the Absolute Pin on f2,r5k1/pp4pp/2n2np1/2b3B1/6P1/P2Q1N1q/1PP2P2/R3R1K1 b - - 1 20,"Utilize the bishop's alignment against the king to deliver a decisive queen check on g3, capitalizing on the pinned f2-pawn.",gain_piece,advanced
The Back-Rank Deflection,3kr3/ppp1r1p1/2p5/5Q2/3P4/2P2PB1/PP1q2PP/1K5R b - - 0 25,Coordinate the active queen and doubled rooks to execute a back-rank checkmate through a decisive deflection sacrifice.,mate,advanced
Tactical Conversion of King-Side Weaknesses and Back-Rank Vulnerability,3r2k1/1b6/p7/1p1q4/1P1n3R/P1Q5/5PPP/3R1BK1 b - - 5 37,"Utilize the knight on the d4 outpost to deliver a check on e2, forcing a sequence that exploits White's weakened back-rank coordination.",mate,advanced
The h2 Sacrifice: Decoy and Invasion,6k1/ppp2p1p/4r2r/2q2p2/2P2Q2/P1N2PP1/1P3RK1/R7 b - - 6 31,"Sacrifice the h6-rook on h2 to lure the king into a vulnerable position, allowing the queen and remaining rook to overwhelm the defense.",gain_piece,advanced
Exploiting the Relative Pin on the d-file,2rq1rk1/1p1bnppp/p3p3/8/P7/1B3N2/1P3PPP/RQ1R2K1 w - - 0 18,Apply pressure to the pinned bishop on d7 by coordinating the knight and rooks to exploit Black's lack of piece mobility.,gain_piece,advanced
Tactical Exploitation of the Overextended Knight,r1q1k2r/2p2pb1/p4np1/1p2p1Np/5QnP/P1N1BP2/1PP3P1/3R1RK1 w kq - 0 19,Capture the knight on g4 with the f-pawn and prepare to recapture the queen on f4 to secure a decisive material advantage.,gain_piece,advanced
Exploiting the Kingside Infiltration via the h7-Square,r3r1k1/3q1bb1/p7/1pPp2Np/1P6/7P/P1Q1RPP1/4R1K1 w - - 3 39,Coordinate the queen and knight to pressure the weakened dark squares around the black king and exploit the vulnerable back rank.,gain_piece,advanced
Exploiting the Overloaded Defender,5rk1/5ppp/1bN1p3/1n1p4/3P1P2/N1Pb2P1/1B5P/R5K1 w - - 0 25,Execute an exchange on b5 to remove the primary defender of the d3-bishop and secure a material advantage.,gain_piece,advanced
The g6 Pawn Wedge and the Kingside Mating Net,r4rk1/pp1b2p1/4p3/3pP1PQ/P2q4/4p3/1P1B2P1/R2K3R w - - 0 24,"Advance the g-pawn to g6 to create decisive mating threats on the h-file, ignoring the immediate tactical pressure on the d2 square.",mate,advanced
Interference and Deflection in the Major Piece Endgame,8/6bk/pR4pp/3q4/8/6PK/P4Q1P/8 b - - 5 40,Deploy the bishop to d4 to attack the white queen and sever its defensive connection to the rook on b6.,gain_piece,advanced
The e8 Royal Fork and Deflection,7r/pbqr2kp/2pN1ppn/8/1Q6/8/PPP2PPP/3RR1K1 w - - 4 22,"Utilize the powerful d6 knight to deliver a royal fork on e8, forcing material gain by deflecting Black's queen and rook while clearing the d-file.",gain_piece,advanced
Exploiting King Exposure via the Queenside Pawn Break,r1r3k1/1q5p/4p1pR/4PPP1/ppnBp3/4P3/PPP1Q3/2K4R b - - 0 26,Execute the b3 pawn thrust to shatter White's queenside defenses and create a decisive entry point for the major pieces.,gain_piece,advanced
Tactical Breakthrough with Advanced Connected Passed Pawns,1b5r/pP2k1pp/2P3q1/4pb2/Q3P3/R2r2PP/1P4K1/2B4R w - - 2 25,Apply pressure with a queen check to disrupt the enemy king's safety and facilitate the removal of the centralized black rook.,gain_piece,advanced
Exploiting the f6 Outpost and Kingside Vulnerability,1r3r2/7k/p2Rb1p1/5q2/3Q1pN1/1P2pP1p/P5P1/3R2K1 w - - 2 31,"Coordinate the active knight and centralized queen to execute a tactical strike on f6, exploiting the exposed black king and pinned defenders.",gain_piece,advanced
Tactical Intermezzo: The Desperado Exchange,2rr4/pb1qbpk1/1p2pnpp/4n3/3P3B/P1NQ4/1P3PPP/1B1RR1K1 w - - 0 19,"Capture the knight on e5 to initiate an exchange sequence, utilizing an intermediate check on f6 to gain two minor pieces for a pawn.",gain_piece,advanced
Targeting the f7 Weakness in the Middlegame,r1b1kb1r/p4np1/2p2p2/1pq1p3/4P2p/1B4QN/PPP2PPP/RN1R2K1 w kq - 0 15,Coordinate the queen and bishop to exploit the weakened f7 square and the uncastled position of the black king.,gain_piece,advanced
Exploiting Structural Weaknesses via Central Breakthrough,2k2r2/ppp3p1/3qn3/3n2Pp/3P1P1P/2P1NQK1/PP1B4/R7 b - - 8 29,Utilize the centralized knights to overwhelm the f4 square and exploit the vulnerability of the white king.,gain_piece,advanced
The Dark-Square King Hunt,r2qkb1r/1p1b2pn/p1n1p3/3p4/3P4/p1PB4/5PPP/RNBQK2R w KQkq - 0 12,Execute a thematic king hunt starting with a bishop check to drive the enemy king into a decisive mating net on the dark squares.,mate,advanced
Promotional Pressure in a Heavy Piece Endgame,6R1/p4Qpk/1p1p1b2/8/2P2Pq1/1P1p2P1/P5KP/8 b - - 1 30,Advance the passed d-pawn to the second rank to create an overwhelming threat that forces White to sacrifice material.,gain_piece,advanced
Mating Patterns with Advanced Knights,r2q1rk1/ppp2ppp/8/2bP4/4P1n1/P1NQ1n2/1PB1N2P/R1B2K1R b - - 3 15,Infiltrate with the queen to combine with the advanced knights and deliver a checkmate against the restricted king.,mate,advanced
Exploiting Kingside Weaknesses and Central Pins,4r1k1/1p3ppp/p7/3P2qn/PbB5/1PN2PPb/5B1P/2RQ2K1 b - - 1 23,Utilize the coordination between the active bishops and queen to increase pressure on the c3 knight and the vulnerable g3 square.,gain_piece,advanced
Leveraging the Pin on the Kingside,r5r1/pN2kp2/1p2p3/2p4p/3bQ3/6Pq/PPPP1P1P/R1B2RK1 b - - 1 17,Utilize the pin on the g3 pawn to initiate a sacrificial sequence that leads to a checkmating net.,mate,advanced
Deflecting the E-File Defense,4rr2/6k1/6pp/1p4Nb/p7/P1PPn1q1/3Q1RB1/5RK1 w - - 11 34,"Force the black rook to vacate the e-file through an exchange on f8, enabling a decisive knight fork on the e6-square.",gain_piece,advanced
Exploiting Kingside Weaknesses with the Ng5 Maneuver,rn1q1rk1/pb3pp1/1p2pb2/3p3Q/3p1B1P/4PNR1/PPP2PP1/R3K3 w Q - 0 16,"Coordinate the queen and knight to target the vulnerable h7 and g7 squares, forcing a decisive material advantage or checkmate.",gain_piece,advanced
Tactical Simplification via Forcing Intermezzos,r4r1k/1p4p1/2n2Rq1/2Pp4/p5p1/2PB4/PP4PP/1R4K1 w - - 0 24,Utilize the tension on the f-file and the diagonal to win the black queen through a sequence of forcing captures.,gain_piece,advanced
Leveraging the Uncastled King with Central Knight Penetration,2r4Q/3bkp2/p2pp1r1/1pq1n3/3NP3/P1N2B1P/1nP5/2KR1R2 w - - 4 29,"Capitalize on the exposed king by using the Qh4+ check to provoke structural weaknesses, followed by a tactical knight sacrifice on f5 to win material.",gain_piece,advanced
Exploiting Kingside Fragility via the C-File Exchange,2r3k1/3q1pp1/1p1P2n1/1p6/1B1b1P2/PQ4P1/1PR3B1/7K b - - 0 30,Force a rook exchange on c2 to remove the primary defender and allow the queen to infiltrate the weakened white kingside.,gain_piece,advanced
Back-Rank Tactical Interposition,6k1/pp4p1/2p3Q1/3q4/3P2p1/2P1n1R1/PP3NPK/4r3 w - - 2 28,Execute a back-rank check to force the king's movement before capturing the knight on e3 to neutralize Black's threats.,gain_piece,advanced
Neutralizing Queenside Pressure via Tactical Simplification,k2r4/P1q5/1Rp4p/2Pn1p2/3Qp3/6P1/5P1P/5BK1 b - - 2 39,Execute the exchange of the centralized knight for the active white rook on b6 to alleviate pressure and stabilize the position.,gain_piece,advanced
Exploiting Kingside Vulnerabilities via the h-file,r4k2/p2p3p/1p2p1p1/nBp1q3/7Q/2P5/P1PK3P/6R1 w - - 0 24,Capitalize on the exposed black king by capturing the h7 pawn and coordinating the queen and rook to penetrate the weakened kingside defenses.,mate,advanced
Exploiting King Exposure through Queenside Counter-Pressure,5rk1/2p1q1p1/5nQP/3p2N1/1b1P4/1P2P3/r2N1P2/1K4RR b - - 2 27,Utilize the active black pieces on the a-file and the b4-bishop to win the d2-knight and dismantle White's king safety.,gain_piece,advanced
Decisive Kingside Knight Penetration,N7/pp1k2p1/3p3p/2b1qb2/2Qn4/1Bp5/PP3RPP/RNB3K1 b - - 0 19,"Utilize the powerful centralization of the knight on d4 to deliver a check on e2, exploiting the white king's lack of mobility and the weak back rank.",mate,advanced
Deflecting the King for a Royal Fork,r3k2r/p2Rbppp/4pn2/4N3/1q3Q2/8/P1P2PPP/3R2K1 w kq - 2 18,"Execute a rook sacrifice on e7 to deflect the black king, setting up a winning knight fork on the c6-square.",gain_piece,advanced
Coordinated Knight Maneuvers in the Middlegame,5r1k/1pR3pp/p6q/P3Pp2/5n2/1B3Q1P/1P2nP1K/5R2 b - - 2 30,Coordinate the centralized knights and queen to exploit the weakened light squares and pawn structure around the white king.,mate,advanced
Exploiting Seventh Rank Infiltration and the Weak f2-Square,R7/pp1kb3/1q6/3pBp2/2pPn3/2P5/PPQ2Pr1/1BR1K3 b - - 0 24,Utilize the active rook on g2 and the powerful knight on e4 to pressure the f2-pawn and force a material gain.,gain_piece,advanced
Exploiting the E-File Pin and the d5 Outpost,r2qk3/1p1n1pp1/2b1pb2/p2N4/3P3r/5Q2/PPP2P2/2K1RBNR w q - 0 16,Capitalize on the pinned e6-pawn and the vulnerable h4-rook to dismantle Black's center and gain a material advantage.,gain_piece,advanced
Exploiting Kingside Weaknesses via Exchange Sacrifice,r3r1k1/1b2qp2/2pp3p/p1n1pPn1/4P3/P2P1R1Q/B1P1N1PP/R5K1 w - - 2 22,Sacrifice the rook on f3 by playing Qxh6 to demolish the black king's pawn cover and initiate a decisive assault.,gain_piece,advanced
Exploiting the Central Pin against an Exposed King,r4b1r/pp1q2pp/2k1b3/3pP3/2B2B2/5Q2/PPP2PPP/3R2K1 w - - 2 17,Apply overwhelming pressure on the pinned d5-pawn to collapse the opponent's center and capitalize on the vulnerable king.,gain_piece,advanced
Seventh Rank Coordination and the g7 Breakthrough,b1r2r2/Q3RBbk/6pp/1p6/1P3n2/P4N1P/2q2PP1/3R2K1 w - - 0 34,Leverage the overwhelming pressure on the seventh rank to force a checkmate sequence through a decisive rook sacrifice.,mate,advanced
The Queenside Breakthrough: Leveraging the Pin on the C-file,1k1r2rb/pp2qp2/2p4p/1P4p1/3pP3/2N2P1b/P1P2B1P/1R1QR1K1 w - - 0 23,Initiate a breakthrough by capturing on c6 to exploit the pinned pawn and the heavy piece pressure along the b-file.,gain_piece,advanced
Tactical Deflection to Exploit Back-Rank Vulnerability,1rr3k1/p2R1ppp/2q1p3/4P3/1b2NP2/1Pp4P/P3Q1P1/3R3K w - - 0 26,"Coordinate the queen and rooks to exploit the weak back rank, using a deflection tactic to force a checkmate or gain a decisive advantage.",mate,advanced
The King Hunt: Exploiting Seventh Rank Rook Pressure,6k1/3R1p2/4p1p1/p1r1P2p/2q5/6P1/1P1Q1P2/6K1 w - - 1 31,Launch a decisive kingside attack by maneuvering the queen to create mating threats around the vulnerable black king.,mate,advanced
The f5 Outpost and the Kingside Breakthrough,r2b1k1r/1bq2ppp/p2p1n2/2nP1NB1/1p3P2/3B3Q/PPP3PP/1K1RR3 w - - 3 17,Sacrifice the knight on g7 to shatter the black king's protection and launch a decisive attack with the queen and bishops.,gain_piece,advanced
Tactical Deflection to Support Pawn Promotion,8/5pk1/2PP1pp1/7p/5PbP/1p2Q1P1/q5BK/8 b - - 0 35,Use the interference move Bf3 to disrupt White's coordination and force the b-pawn through to promotion.,gain_piece,advanced
Counterattack on the Long Diagonal,r1b1k2r/3p4/p2bpn1p/1p3PP1/3q4/2NB2P1/PPP1Q1KP/R1B2R2 b kq - 0 17,Exploit the vulnerability of the white king by placing the bishop on the long diagonal and capitalizing on the pins created by the queen's central presence.,gain_piece,advanced
Exploiting the Absolute Pin on h4,3r2r1/p3b2k/1p4pp/2pp1p1q/2PB1P1N/4QNRK/PP3P1P/8 b - - 1 30,"Challenge the knight on h4 by advancing the g-pawn to g5, utilizing the absolute pin against the white king to win decisive material.",gain_piece,advanced
Exploiting the Exposed King via Vertical and Diagonal Pressure,5r1k/pQ3R2/4p2p/4P3/8/P1p3K1/1B1q2PP/8 b - - 10 32,Coordinate the queen and rook to deliver a sequence of forcing checks against the exposed white king to ultimately capture the rook on f7.,gain_piece,advanced
Middlegame Dark-Square King Hunt,r2qr3/pp1n1pb1/2p3k1/3p4/3B4/2N5/PPPQ1P2/2Kb3R w - - 0 19,Initiate a thematic dark-square assault using a rook sacrifice to breach the enemy king's defenses.,mate,advanced
Kingside Breakthrough via the g5 Lever,2b1q1nk/p6p/1p1p3r/2pPp1pN/P1n1P3/2P1B1QP/4B3/5R1K w - - 0 32,Capitalize on the unprotected g5 pawn to create a decisive material advantage and expose the vulnerable king.,gain_piece,advanced
Neutralizing Kingside Pressure through Central Liquidation,2kr2r1/3b1p2/p1pp1q2/3Pp2p/P1P2npn/8/1B1QBPPP/R3RNK1 w - - 0 23,Initiate the dxc6 pawn break to dismantle Black's queenside defense and force material gain while the opponent's knights are misplaced on the kingside.,gain_piece,advanced
Advanced Kingside Mating Patterns with Discovered Checks,r1bbq1r1/pp4k1/2p3pB/2Pp3Q/3P1Pp1/P2BPR2/6PP/1R4K1 b - - 2 28,Identify the decisive kingside attack by utilizing the power of the light-squared bishop and queen to force a mate against the exposed king.,mate,advanced
Heavy Piece Breakthrough on the Kingside,6r1/4r2k/1p1q2p1/p1pPp1Rp/P1P1Pp1P/1P1B1P1b/1B3K2/6Q1 w - - 13 39,Utilize the queen and rook pressure on the g6-pawn to breach the kingside defenses and deliver checkmate.,mate,advanced
Exploiting the Misplaced King via Double Attack,5r1k/pp2Q3/6pq/8/2PRB3/1PK2P2/1P4P1/7r b - - 1 38,"Utilize the centralized position of the white king to deliver a check on e3, winning the hanging rook on d4.",gain_piece,advanced
